,n_gaps,fun,msg,x_mean,lowest_gap_ind,size
0,1,7.068836613178693e-05,b'CONVERGENCE: NORM_OF_PROJECTED_GRADIENT_<=_PGTOL',0.5527464321015311,0.5997460125616736,8
1,1,0.013920965412526846,b'CONVERGENCE: REL_REDUCTION_OF_F_<=_FACTR*EPSMCH',0.5388723818161065,0.46069594257268864,8
2,1,0.007267838712892549,b'CONVERGENCE: REL_REDUCTION_OF_F_<=_FACTR*EPSMCH',0.5779600794540706,0.4832656383877495,8
3,1,0.02910328954146962,b'CONVERGENCE: REL_REDUCTION_OF_F_<=_FACTR*EPSMCH',0.75164800845814,0.11568813561016543,8
4,1,0.00326854941591636,b'CONVERGENCE: REL_REDUCTION_OF_F_<=_FACTR*EPSMCH',0.46204257482620353,0.7841190515320493,8
5,1,0.0013267360756448554,b'CONVERGENCE: REL_REDUCTION_OF_F_<=_FACTR*EPSMCH',0.61905414793999,0.386685790066302,8
6,1,0.010768920820638232,b'CONVERGENCE: REL_REDUCTION_OF_F_<=_FACTR*EPSMCH',0.3804051416715004,0.8935545545855081,8
7,1,0.04367181262267451,b'CONVERGENCE: REL_REDUCTION_OF_F_<=_FACTR*EPSMCH',0.5264690955263386,0.5490416287776907,8
8,1,0.017327967930328248,b'CONVERGENCE: REL_REDUCTION_OF_F_<=_FACTR*EPSMCH',0.6133088640380393,0.20431444588563288,8
9,1,0.016730169464610155,b'CONVERGENCE: REL_REDUCTION_OF_F_<=_FACTR*EPSMCH',0.7099750849523755,0.23088643925945931,8
10,1,0.023652649035609798,b'CONVERGENCE: REL_REDUCTION_OF_F_<=_FACTR*EPSMCH',0.5721842172475379,0.7087722907014434,8
11,1,0.018815833668032505,b'CONVERGENCE: REL_REDUCTION_OF_F_<=_FACTR*EPSMCH',0.7151667376144156,0.15744389935932157,8
12,1,0.012240564748459812,b'CONVERGENCE: REL_REDUCTION_OF_F_<=_FACTR*EPSMCH',0.6210561795734729,0.42851281227445803,8
13,1,0.04347143685236294,b'CONVERGENCE: REL_REDUCTION_OF_F_<=_FACTR*EPSMCH',0.6995028402641573,0.22941871412303608,8
14,1,0.0034511009747719692,b'CONVERGENCE: REL_REDUCTION_OF_F_<=_FACTR*EPSMCH',0.5167579175313965,0.8749129867832104,8
15,1,0.007413185748457325,b'CONVERGENCE: REL_REDUCTION_OF_F_<=_FACTR*EPSMCH',0.575470051333687,0.4660018951656475,8
16,1,0.019671601799518303,b'CONVERGENCE: REL_REDUCTION_OF_F_<=_FACTR*EPSMCH',0.5360255398590618,0.6408390520905451,8
17,1,0.03415999453759968,b'CONVERGENCE: REL_REDUCTION_OF_F_<=_FACTR*EPSMCH',0.7416633093679573,0.11668280545197965,8
18,1,0.007229950930181077,b'CONVERGENCE: REL_REDUCTION_OF_F_<=_FACTR*EPSMCH',0.5195995589804765,0.8034621591071417,8
19,1,0.016476488086701123,b'CONVERGENCE: REL_REDUCTION_OF_F_<=_FACTR*EPSMCH',0.5266071475291126,0.7254751051480237,8
20,1,0.008033802198440793,b'CONVERGENCE: REL_REDUCTION_OF_F_<=_FACTR*EPSMCH',0.43342060882303274,0.8801744758693555,8
21,1,0.009932066079528297,b'CONVERGENCE: REL_REDUCTION_OF_F_<=_FACTR*EPSMCH',0.4300536334915181,0.8928811138363504,8
22,1,0.011070062380352023,b'CONVERGENCE: REL_REDUCTION_OF_F_<=_FACTR*EPSMCH',0.46317902157766283,0.8111643582279074,8
23,1,0.01833113429127504,b'CONVERGENCE: REL_REDUCTION_OF_F_<=_FACTR*EPSMCH',0.5331271275931139,0.6736134572618773,8
24,1,0.011538291896290541,b'CONVERGENCE: REL_REDUCTION_OF_F_<=_FACTR*EPSMCH',0.6190934779981772,0.2504396619489998,8
25,1,0.010993000334326722,b'CONVERGENCE: REL_REDUCTION_OF_F_<=_FACTR*EPSMCH',0.5789783687339806,0.3201801715343513,8
26,1,0.02097020833773199,b'CONVERGENCE: REL_REDUCTION_OF_F_<=_FACTR*EPSMCH',0.6524374797158625,0.29509845102652277,8
27,1,0.004298145572267093,b'CONVERGENCE: REL_REDUCTION_OF_F_<=_FACTR*EPSMCH',0.42948557903144274,0.8571199087200101,8
28,1,0.009227887925159179,b'CONVERGENCE: REL_REDUCTION_OF_F_<=_FACTR*EPSMCH',0.5106723816206481,0.6300989419852941,8
29,1,0.008926181510150248,b'CONVERGENCE: REL_REDUCTION_OF_F_<=_FACTR*EPSMCH',0.6765874535038613,0.29603884960330795,8
30,2,0.013021030438020515,b'CONVERGENCE: REL_REDUCTION_OF_F_<=_FACTR*EPSMCH',0.6475241408624526,0.1970056807124351,8
31,2,0.031514115370219774,b'CONVERGENCE: REL_REDUCTION_OF_F_<=_FACTR*EPSMCH',0.5707063398226043,0.21076319266570298,8
32,2,0.03141087060143759,b'CONVERGENCE: REL_REDUCTION_OF_F_<=_FACTR*EPSMCH',0.5631153508137277,0.24504569009054622,8
33,2,0.011965558015401856,b'CONVERGENCE: REL_REDUCTION_OF_F_<=_FACTR*EPSMCH',0.6090834815740857,0.20357018507626112,8
34,2,0.03259159519615269,b'CONVERGENCE: REL_REDUCTION_OF_F_<=_FACTR*EPSMCH',0.5655032272456578,0.4681591321584543,8
35,2,0.028753843583809308,b'CONVERGENCE: REL_REDUCTION_OF_F_<=_FACTR*EPSMCH',0.6040559867026348,0.22934017050619007,8
36,2,0.01025474031726456,b'CONVERGENCE: REL_REDUCTION_OF_F_<=_FACTR*EPSMCH',0.5523487184224275,0.6616276353385506,8
37,2,0.026099983485175254,b'CONVERGENCE: REL_REDUCTION_OF_F_<=_FACTR*EPSMCH',0.5955765915777868,0.17375521605968994,8
38,2,0.013071732011539557,b'CONVERGENCE: REL_REDUCTION_OF_F_<=_FACTR*EPSMCH',0.6146094002889126,0.19583743022290723,8
39,2,0.03411454771060179,b'CONVERGENCE: REL_REDUCTION_OF_F_<=_FACTR*EPSMCH',0.6369380638014759,0.19521713025546808,8
40,2,0.017783253755929748,b'CONVERGENCE: REL_REDUCTION_OF_F_<=_FACTR*EPSMCH',0.6080641879369714,0.24328409025678407,8
41,2,0.029509856068176195,b'CONVERGENCE: REL_REDUCTION_OF_F_<=_FACTR*EPSMCH',0.6064243550650603,0.331405186735272,8
42,2,0.02045878938503487,b'CONVERGENCE: REL_REDUCTION_OF_F_<=_FACTR*EPSMCH',0.5752436904312411,0.2741202448150169,8
43,2,0.029962594389487757,b'CONVERGENCE: REL_REDUCTION_OF_F_<=_FACTR*EPSMCH',0.5918767856327726,0.5259155085346527,8
44,2,0.013549266174412367,b'CONVERGENCE: REL_REDUCTION_OF_F_<=_FACTR*EPSMCH',0.5364294708142615,0.5097806843014415,8
45,2,0.022615113065773757,b'CONVERGENCE: REL_REDUCTION_OF_F_<=_FACTR*EPSMCH',0.6386486962257193,0.14462695745963297,8
46,2,0.12459184633119197,b'CONVERGENCE: REL_REDUCTION_OF_F_<=_FACTR*EPSMCH',0.6604883141214136,0.20931421899911326,8
47,2,0.026949909897989253,b'CONVERGENCE: REL_REDUCTION_OF_F_<=_FACTR*EPSMCH',0.543840796780807,0.49988545503930937,8
48,2,0.03643448140837902,b'CONVERGENCE: REL_REDUCTION_OF_F_<=_FACTR*EPSMCH',0.44878634617508584,0.8772245707507188,8
49,2,0.20286357766973073,b'CONVERGENCE: REL_REDUCTION_OF_F_<=_FACTR*EPSMCH',0.6411781729283771,0.29867883102595566,8
50,2,0.018152070182084305,b'CONVERGENCE: REL_REDUCTION_OF_F_<=_FACTR*EPSMCH',0.5318920264644803,0.48888774595287765,8
51,2,0.028920052704693652,b'CONVERGENCE: REL_REDUCTION_OF_F_<=_FACTR*EPSMCH',0.5709305786887168,0.605996408989405,8
52,2,0.031013814124273304,b'CONVERGENCE: REL_REDUCTION_OF_F_<=_FACTR*EPSMCH',0.6585738392684577,0.14431896371138286,8
53,2,0.04435197243654713,b'CONVERGENCE: REL_REDUCTION_OF_F_<=_FACTR*EPSMCH',0.5812581978637271,0.10708935035255439,8
54,2,0.34438534040008106,b'CONVERGENCE: REL_REDUCTION_OF_F_<=_FACTR*EPSMCH',0.5804984443834832,0.5941119387905018,8
55,2,0.017701111209903704,b'CONVERGENCE: REL_REDUCTION_OF_F_<=_FACTR*EPSMCH',0.4989370601970577,0.6926020782444283,8
56,2,0.020058917445374084,b'CONVERGENCE: REL_REDUCTION_OF_F_<=_FACTR*EPSMCH',0.5098385881813802,0.6340895178458268,8
57,2,0.010813081459457394,b'CONVERGENCE: REL_REDUCTION_OF_F_<=_FACTR*EPSMCH',0.6332828019186465,0.3155696787123048,8
58,2,0.011087578251469292,b'CONVERGENCE: REL_REDUCTION_OF_F_<=_FACTR*EPSMCH',0.6038328669359035,0.37985849744154077,8
59,2,0.008495556262834207,b'CONVERGENCE: REL_REDUCTION_OF_F_<=_FACTR*EPSMCH',0.5637146174184549,0.6795443380608672,8
60,3,0.015477698174647794,b'CONVERGENCE: REL_REDUCTION_OF_F_<=_FACTR*EPSMCH',0.5105494275312089,0.6539447667509565,8
61,3,0.0793272610268436,b'CONVERGENCE: REL_REDUCTION_OF_F_<=_FACTR*EPSMCH',0.6053517180973705,0.12674007830244494,8
62,3,0.04248565745845915,b'CONVERGENCE: REL_REDUCTION_OF_F_<=_FACTR*EPSMCH',0.5396341439505319,0.37995217899606193,8
63,3,0.06489746005059023,b'CONVERGENCE: REL_REDUCTION_OF_F_<=_FACTR*EPSMCH',0.5895700663720093,0.11351116918723712,8
64,3,0.023900562312372486,b'CONVERGENCE: REL_REDUCTION_OF_F_<=_FACTR*EPSMCH',0.6019970434203539,0.10356269070111433,8
65,3,0.033006940584917134,b'CONVERGENCE: REL_REDUCTION_OF_F_<=_FACTR*EPSMCH',0.559859740429118,0.1329072264769547,8
66,3,0.04488555899394702,b'CONVERGENCE: REL_REDUCTION_OF_F_<=_FACTR*EPSMCH',0.6059256994501384,0.17467562901005876,8
67,3,0.20166396617672264,b'CONVERGENCE: REL_REDUCTION_OF_F_<=_FACTR*EPSMCH',0.5405384128748952,0.3461776059895211,8
68,3,0.05365630491252036,b'CONVERGENCE: REL_REDUCTION_OF_F_<=_FACTR*EPSMCH',0.5886191523649705,0.13799311718792975,8
69,3,0.052671431412736704,b'CONVERGENCE: REL_REDUCTION_OF_F_<=_FACTR*EPSMCH',0.5543983215834961,0.3193726936490207,8
70,3,0.038808437247424034,b'CONVERGENCE: REL_REDUCTION_OF_F_<=_FACTR*EPSMCH',0.6183079129785067,0.24823225516084593,8
71,3,0.02986608919535981,b'CONVERGENCE: REL_REDUCTION_OF_F_<=_FACTR*EPSMCH',0.6022035036625449,0.1489602447480416,8
72,3,0.08421455091110318,b'CONVERGENCE: REL_REDUCTION_OF_F_<=_FACTR*EPSMCH',0.5790999388547861,0.42698932611462326,8
73,3,0.029599857615257564,b'CONVERGENCE: REL_REDUCTION_OF_F_<=_FACTR*EPSMCH',0.47189759610755005,0.20463308425086124,8
74,3,0.03291550415230215,b'CONVERGENCE: REL_REDUCTION_OF_F_<=_FACTR*EPSMCH',0.519841600275979,0.33913339441992685,8
75,3,0.047687346318334496,b'CONVERGENCE: REL_REDUCTION_OF_F_<=_FACTR*EPSMCH',0.5160031199489967,0.17474328172772513,8
76,3,0.06554330484242833,b'CONVERGENCE: REL_REDUCTION_OF_F_<=_FACTR*EPSMCH',0.5435213873066832,0.37710030271911055,8
77,3,0.049189073211238867,b'CONVERGENCE: REL_REDUCTION_OF_F_<=_FACTR*EPSMCH',0.5819509167379526,0.2095224683663786,8
78,3,0.03897723344624512,b'CONVERGENCE: REL_REDUCTION_OF_F_<=_FACTR*EPSMCH',0.6087957750651475,0.15247094787005055,8
79,3,0.03424625921949465,b'CONVERGENCE: REL_REDUCTION_OF_F_<=_FACTR*EPSMCH',0.5537986356452445,0.29038084982096224,8
80,3,0.02526957933011326,b'CONVERGENCE: REL_REDUCTION_OF_F_<=_FACTR*EPSMCH',0.5508273347013288,0.37895183294026014,8
81,3,0.011200451319756813,b'CONVERGENCE: REL_REDUCTION_OF_F_<=_FACTR*EPSMCH',0.5412099968599791,0.5054273047013242,8
82,3,0.039000017199234134,b'CONVERGENCE: REL_REDUCTION_OF_F_<=_FACTR*EPSMCH',0.5687121512879233,0.20512715120533073,8
83,3,0.03883248352320328,b'CONVERGENCE: REL_REDUCTION_OF_F_<=_FACTR*EPSMCH',0.5151651694724788,0.578326450744776,8
84,3,0.02221719869111885,b'CONVERGENCE: REL_REDUCTION_OF_F_<=_FACTR*EPSMCH',0.5447596081821399,0.26779991434736994,8
85,3,0.14698735020143497,b'CONVERGENCE: REL_REDUCTION_OF_F_<=_FACTR*EPSMCH',0.5778010745939797,0.3421916473420599,8
86,3,0.027443853243912342,b'CONVERGENCE: REL_REDUCTION_OF_F_<=_FACTR*EPSMCH',0.5143706664043967,0.37359821196128884,8
87,3,0.05770088362398886,b'CONVERGENCE: REL_REDUCTION_OF_F_<=_FACTR*EPSMCH',0.6143340839080094,0.1252867152790434,8
88,3,0.07045020705278306,b'CONVERGENCE: REL_REDUCTION_OF_F_<=_FACTR*EPSMCH',0.5649252977141325,0.31730936934519804,8
89,3,0.21272819281879918,b'CONVERGENCE: REL_REDUCTION_OF_F_<=_FACTR*EPSMCH',0.577005784870449,0.19512941659674654,8
90,4,0.011305871006190571,b'CONVERGENCE: REL_REDUCTION_OF_F_<=_FACTR*EPSMCH',0.5513425958783628,0.17666344962697425,8
91,4,0.06503042218374004,b'CONVERGENCE: REL_REDUCTION_OF_F_<=_FACTR*EPSMCH',0.5903021519880208,0.12682793382268845,8
92,4,0.08372466657158716,b'CONVERGENCE: REL_REDUCTION_OF_F_<=_FACTR*EPSMCH',0.5925701195887761,0.15316323308208127,8
93,4,0.03706975309046465,b'CONVERGENCE: REL_REDUCTION_OF_F_<=_FACTR*EPSMCH',0.5940938444397382,0.1380516045625597,8
94,4,0.015206570762006854,b'CONVERGENCE: REL_REDUCTION_OF_F_<=_FACTR*EPSMCH',0.5933344238328171,0.24455402063545525,8
95,4,0.05289873762937578,b'CONVERGENCE: REL_REDUCTION_OF_F_<=_FACTR*EPSMCH',0.583504668652463,0.1704368616134489,8
96,4,0.03200897736568118,b'CONVERGENCE: REL_REDUCTION_OF_F_<=_FACTR*EPSMCH',0.5858877560817137,0.1527287710181261,8
97,4,0.10198854534263861,b'CONVERGENCE: REL_REDUCTION_OF_F_<=_FACTR*EPSMCH',0.5105002111798512,0.5034780141485098,8
98,4,0.05957662700800543,b'CONVERGENCE: REL_REDUCTION_OF_F_<=_FACTR*EPSMCH',0.5518668498596758,0.3322531682168809,8
99,4,0.07325976426880974,b'CONVERGENCE: REL_REDUCTION_OF_F_<=_FACTR*EPSMCH',0.5788611795603283,0.38869158654217884,8
100,4,0.032208710458473906,b'CONVERGENCE: REL_REDUCTION_OF_F_<=_FACTR*EPSMCH',0.562708942237507,0.1334927882695559,8
101,4,0.051832160546768424,b'CONVERGENCE: REL_REDUCTION_OF_F_<=_FACTR*EPSMCH',0.5335087627817052,0.1558944853733717,8
102,4,0.04266250727186521,b'CONVERGENCE: REL_REDUCTION_OF_F_<=_FACTR*EPSMCH',0.5427569388725867,0.23557523800517785,8
103,4,0.07340843902547227,b'CONVERGENCE: REL_REDUCTION_OF_F_<=_FACTR*EPSMCH',0.6287042472789185,0.18772070203250557,8
104,4,0.021629090305579468,b'CONVERGENCE: REL_REDUCTION_OF_F_<=_FACTR*EPSMCH',0.5569918148711878,0.11507301417548038,8
105,4,0.07698079921340018,b'CONVERGENCE: REL_REDUCTION_OF_F_<=_FACTR*EPSMCH',0.5571489712241139,0.3568761820641745,8
106,4,0.23368665922310783,b'CONVERGENCE: REL_REDUCTION_OF_F_<=_FACTR*EPSMCH',0.6366995280248605,0.1740232728594206,8
107,4,0.013175346928469943,b'CONVERGENCE: REL_REDUCTION_OF_F_<=_FACTR*EPSMCH',0.5384242894236372,0.31569935749097533,8
108,4,0.059179608539046455,b'CONVERGENCE: REL_REDUCTION_OF_F_<=_FACTR*EPSMCH',0.5801617678118435,0.2669136864445365,8
109,4,0.047461904595017736,b'CONVERGENCE: REL_REDUCTION_OF_F_<=_FACTR*EPSMCH',0.5746750955296882,0.286729844563914,8
110,4,0.05082649114335008,b'CONVERGENCE: REL_REDUCTION_OF_F_<=_FACTR*EPSMCH',0.5971265050308535,0.1304935718697923,8
111,4,0.061194683368306635,b'CONVERGENCE: REL_REDUCTION_OF_F_<=_FACTR*EPSMCH',0.5676746705292759,0.15640745716304372,8
112,4,0.06645819022807929,b'CONVERGENCE: REL_REDUCTION_OF_F_<=_FACTR*EPSMCH',0.5868948512928591,0.16936297135948256,8
113,4,0.10915296430026793,b'CONVERGENCE: REL_REDUCTION_OF_F_<=_FACTR*EPSMCH',0.5433951808847024,0.257937965532501,8
114,4,0.032888893713923444,b'CONVERGENCE: REL_REDUCTION_OF_F_<=_FACTR*EPSMCH',0.5599315311135675,0.45912424863615564,8
115,4,0.06430475785016372,b'CONVERGENCE: REL_REDUCTION_OF_F_<=_FACTR*EPSMCH',0.5594177671873174,0.27980998745498936,8
116,4,0.06971618139759714,b'CONVERGENCE: REL_REDUCTION_OF_F_<=_FACTR*EPSMCH',0.5830044090675265,0.3052607133841232,8
117,4,0.033930542469708426,b'CONVERGENCE: REL_REDUCTION_OF_F_<=_FACTR*EPSMCH',0.5653397362298274,0.17242637961608676,8
118,4,0.02757354004453583,b'CONVERGENCE: REL_REDUCTION_OF_F_<=_FACTR*EPSMCH',0.560037823539782,0.2154524729602347,8
119,4,0.061273788354661955,b'CONVERGENCE: REL_REDUCTION_OF_F_<=_FACTR*EPSMCH',0.5606563977130593,0.2665686529189271,8
120,5,0.06655783764304182,b'CONVERGENCE: REL_REDUCTION_OF_F_<=_FACTR*EPSMCH',0.6070953153237091,0.1202004509840327,8
121,5,0.02979564757926147,b'CONVERGENCE: REL_REDUCTION_OF_F_<=_FACTR*EPSMCH',0.5086140212113389,0.40048316529523775,8
122,5,0.0567130876891546,b'CONVERGENCE: REL_REDUCTION_OF_F_<=_FACTR*EPSMCH',0.6028620016913439,0.17777629237700704,8
123,5,0.10836442342627664,b'CONVERGENCE: REL_REDUCTION_OF_F_<=_FACTR*EPSMCH',0.5440215063997668,0.4598057334431209,8
124,5,0.07001559475886754,b'CONVERGENCE: REL_REDUCTION_OF_F_<=_FACTR*EPSMCH',0.5604658763474752,0.40500716113023094,8
125,5,0.04207090740001593,b'CONVERGENCE: REL_REDUCTION_OF_F_<=_FACTR*EPSMCH',0.5649363083549537,0.25670234079710486,8
126,5,0.051778036171923204,b'CONVERGENCE: REL_REDUCTION_OF_F_<=_FACTR*EPSMCH',0.5649993773831815,0.1284477689792535,8
127,5,0.11780093198607702,b'CONVERGENCE: REL_REDUCTION_OF_F_<=_FACTR*EPSMCH',0.5679871641775965,0.2643139427850604,8
128,5,0.04088792722234297,b'CONVERGENCE: REL_REDUCTION_OF_F_<=_FACTR*EPSMCH',0.5240861179348808,0.11802477790038779,8
129,5,0.15422638037739073,b'CONVERGENCE: REL_REDUCTION_OF_F_<=_FACTR*EPSMCH',0.545880046546875,0.32141700741883367,8
130,5,0.03518395638308362,b'CONVERGENCE: REL_REDUCTION_OF_F_<=_FACTR*EPSMCH',0.5305694646512434,0.2727875303146613,8
131,5,0.10590877477301328,b'CONVERGENCE: REL_REDUCTION_OF_F_<=_FACTR*EPSMCH',0.5212623718815396,0.11595166578341881,8
132,5,0.05393951392361328,b'CONVERGENCE: REL_REDUCTION_OF_F_<=_FACTR*EPSMCH',0.5746379520654336,0.17343045643547772,8
133,5,0.023945007715317913,b'CONVERGENCE: REL_REDUCTION_OF_F_<=_FACTR*EPSMCH',0.5313200580493113,0.3744882096799207,8
134,5,0.0645296177849174,b'CONVERGENCE: REL_REDUCTION_OF_F_<=_FACTR*EPSMCH',0.5724581583510827,0.21373487360124976,8
135,5,0.14067227886651557,b'CONVERGENCE: REL_REDUCTION_OF_F_<=_FACTR*EPSMCH',0.5828266947773121,0.17879755878695294,8
136,5,0.054037150190557215,b'CONVERGENCE: REL_REDUCTION_OF_F_<=_FACTR*EPSMCH',0.5734386914357245,0.20603322394286103,8
137,5,0.14905315857431284,b'CONVERGENCE: REL_REDUCTION_OF_F_<=_FACTR*EPSMCH',0.5838572264375489,0.13729336359560104,8
138,5,0.07946637098693282,b'CONVERGENCE: REL_REDUCTION_OF_F_<=_FACTR*EPSMCH',0.5491126547046776,0.16756627259085183,8
139,5,0.045059265236805465,b'CONVERGENCE: REL_REDUCTION_OF_F_<=_FACTR*EPSMCH',0.590748010422797,0.2097156903090304,8
140,5,0.06301863228808231,b'CONVERGENCE: REL_REDUCTION_OF_F_<=_FACTR*EPSMCH',0.5662880251307013,0.14361901622971074,8
141,5,0.06467435586445595,b'CONVERGENCE: REL_REDUCTION_OF_F_<=_FACTR*EPSMCH',0.5694155338967839,0.11397253439677027,8
142,5,0.03768820328015781,b'CONVERGENCE: REL_REDUCTION_OF_F_<=_FACTR*EPSMCH',0.5434739915623422,0.2458952766797091,8
143,5,0.11576004131370791,b'CONVERGENCE: REL_REDUCTION_OF_F_<=_FACTR*EPSMCH',0.5749735826031772,0.16265817252291115,8
144,5,0.08715039638361433,b'CONVERGENCE: REL_REDUCTION_OF_F_<=_FACTR*EPSMCH',0.5561071715847343,0.4582470414228189,8
145,5,0.18340746326531238,b'CONVERGENCE: REL_REDUCTION_OF_F_<=_FACTR*EPSMCH',0.5780908137411873,0.4392507551975642,8
146,5,0.09542598473011003,b'CONVERGENCE: REL_REDUCTION_OF_F_<=_FACTR*EPSMCH',0.5358362009660042,0.45480660648756477,8
147,5,0.09078028186561793,b'CONVERGENCE: REL_REDUCTION_OF_F_<=_FACTR*EPSMCH',0.5613096752317415,0.18748905629367174,8
148,5,0.048472674756933475,b'CONVERGENCE: REL_REDUCTION_OF_F_<=_FACTR*EPSMCH',0.566313678207148,0.1284821967546905,8
149,5,0.08451753624948127,b'CONVERGENCE: REL_REDUCTION_OF_F_<=_FACTR*EPSMCH',0.5484513499988221,0.13066650592420156,8
150,6,0.16037956845813547,b'CONVERGENCE: REL_REDUCTION_OF_F_<=_FACTR*EPSMCH',0.5470922108828434,0.3409445171551576,8
151,6,0.11327281082324625,b'CONVERGENCE: REL_REDUCTION_OF_F_<=_FACTR*EPSMCH',0.5893000167619395,0.3328252997728416,8
152,6,0.059122792167406346,b'CONVERGENCE: REL_REDUCTION_OF_F_<=_FACTR*EPSMCH',0.5813136641856892,0.3128449178525361,8
153,6,0.029181721928902036,b'CONVERGENCE: REL_REDUCTION_OF_F_<=_FACTR*EPSMCH',0.5794340810602724,0.16443595762046492,8
154,6,0.08614800739273976,b'CONVERGENCE: REL_REDUCTION_OF_F_<=_FACTR*EPSMCH',0.5623944502560537,0.13728466906555845,8
155,6,0.1402284577841256,b'CONVERGENCE: REL_REDUCTION_OF_F_<=_FACTR*EPSMCH',0.5602563358162093,0.22350786132508915,8
156,6,0.16171135242398396,b'CONVERGENCE: REL_REDUCTION_OF_F_<=_FACTR*EPSMCH',0.5981025354237947,0.2166626533313826,8
157,6,0.051776640122361745,b'CONVERGENCE: REL_REDUCTION_OF_F_<=_FACTR*EPSMCH',0.5348539399226938,0.32469546716002584,8
158,6,0.08806551461005123,b'CONVERGENCE: REL_REDUCTION_OF_F_<=_FACTR*EPSMCH',0.576671443281758,0.13769474255075886,8
159,6,0.08791891138227968,b'CONVERGENCE: REL_REDUCTION_OF_F_<=_FACTR*EPSMCH',0.600985884599852,0.3090453577158619,8
160,6,0.12039308806893677,b'CONVERGENCE: REL_REDUCTION_OF_F_<=_FACTR*EPSMCH',0.5736235167930601,0.426158474936869,8
161,6,0.0859071460687821,b'CONVERGENCE: REL_REDUCTION_OF_F_<=_FACTR*EPSMCH',0.5816182420373569,0.42420420265438896,8
162,6,0.3423474274356581,b'CONVERGENCE: REL_REDUCTION_OF_F_<=_FACTR*EPSMCH',0.5515223399905688,0.13253345737995784,8
163,6,0.07461007923022815,b'CONVERGENCE: REL_REDUCTION_OF_F_<=_FACTR*EPSMCH',0.5505907777673035,0.20787439602111216,8
164,6,0.1628910746789993,b'CONVERGENCE: REL_REDUCTION_OF_F_<=_FACTR*EPSMCH',0.6078328013887214,0.1938078258629684,8
165,6,0.0604576153952457,b'CONVERGENCE: REL_REDUCTION_OF_F_<=_FACTR*EPSMCH',0.5575797827902459,0.16026678334093925,8
166,6,0.04295700728251279,b'CONVERGENCE: REL_REDUCTION_OF_F_<=_FACTR*EPSMCH',0.5934989033578918,0.319957386332268,8
167,6,0.07835543633392554,b'CONVERGENCE: REL_REDUCTION_OF_F_<=_FACTR*EPSMCH',0.5870541443602878,0.18652904902575573,8
168,6,0.04534779858780195,b'CONVERGENCE: REL_REDUCTION_OF_F_<=_FACTR*EPSMCH',0.5518524558170341,0.2408656528177156,8
169,6,0.0823919410047312,b'CONVERGENCE: REL_REDUCTION_OF_F_<=_FACTR*EPSMCH',0.5568490020508771,0.28126083045613526,8
170,6,0.1285908309637939,b'CONVERGENCE: REL_REDUCTION_OF_F_<=_FACTR*EPSMCH',0.5522169476731963,0.15141237238178357,8
171,6,0.14664377931182662,b'CONVERGENCE: REL_REDUCTION_OF_F_<=_FACTR*EPSMCH',0.5742976712156974,0.1730190764448835,8
172,6,0.0641795862094725,b'CONVERGENCE: REL_REDUCTION_OF_F_<=_FACTR*EPSMCH',0.5607725739874893,0.30926051997730736,8
173,6,0.09705335859562576,b'CONVERGENCE: REL_REDUCTION_OF_F_<=_FACTR*EPSMCH',0.5617767025349791,0.11865975729051473,8
174,6,0.0715394631954863,b'CONVERGENCE: REL_REDUCTION_OF_F_<=_FACTR*EPSMCH',0.5665067975036485,0.12387735511013709,8
175,6,0.07329428659087706,b'CONVERGENCE: REL_REDUCTION_OF_F_<=_FACTR*EPSMCH',0.6116554373705018,0.1793382292362452,8
176,6,0.1091876360795206,b'CONVERGENCE: REL_REDUCTION_OF_F_<=_FACTR*EPSMCH',0.5768854402132398,0.11436404017638076,8
177,6,0.18229251429365323,b'CONVERGENCE: REL_REDUCTION_OF_F_<=_FACTR*EPSMCH',0.5539274562994237,0.22751561610301022,8
178,6,0.11625873675257946,b'CONVERGENCE: REL_REDUCTION_OF_F_<=_FACTR*EPSMCH',0.6018834334485375,0.13587854582789438,8
179,6,0.17419103359176855,b'CONVERGENCE: REL_REDUCTION_OF_F_<=_FACTR*EPSMCH',0.565841199596139,0.20389303692177496,8
180,7,0.11502773468019091,b'CONVERGENCE: REL_REDUCTION_OF_F_<=_FACTR*EPSMCH',0.5613414893843811,0.4467768044384245,8
181,7,0.0450553490479559,b'CONVERGENCE: REL_REDUCTION_OF_F_<=_FACTR*EPSMCH',0.5804321703894703,0.1616992012894107,8
182,7,0.14182513155176713,b'CONVERGENCE: REL_REDUCTION_OF_F_<=_FACTR*EPSMCH',0.5434678012537882,0.4180532210470399,8
183,7,0.2411021277453571,b'CONVERGENCE: REL_REDUCTION_OF_F_<=_FACTR*EPSMCH',0.570764030853068,0.1166838120373674,8
184,7,0.22475098630417303,b'CONVERGENCE: REL_REDUCTION_OF_F_<=_FACTR*EPSMCH',0.5494473050097184,0.11373064350391981,8
185,7,0.0651525726705855,b'CONVERGENCE: REL_REDUCTION_OF_F_<=_FACTR*EPSMCH',0.5765390830661492,0.25911541968876717,8
186,7,0.08624387416417999,b'CONVERGENCE: REL_REDUCTION_OF_F_<=_FACTR*EPSMCH',0.5653400384385079,0.12960627269322497,8
187,7,0.09332871850542532,b'CONVERGENCE: REL_REDUCTION_OF_F_<=_FACTR*EPSMCH',0.5527388961612195,0.25732231561093266,8
188,7,0.16402467727509265,b'CONVERGENCE: REL_REDUCTION_OF_F_<=_FACTR*EPSMCH',0.5680270154876155,0.21362026043051366,8
189,7,0.1834740323512593,b'CONVERGENCE: REL_REDUCTION_OF_F_<=_FACTR*EPSMCH',0.5615257960459998,0.19221727606147204,8
190,7,0.1153077144358169,b'CONVERGENCE: REL_REDUCTION_OF_F_<=_FACTR*EPSMCH',0.560842468687423,0.11240896896077067,8
191,7,0.16937516978761527,b'CONVERGENCE: REL_REDUCTION_OF_F_<=_FACTR*EPSMCH',0.5572061257207642,0.20774753124113687,8
192,7,0.15998063382641137,b'CONVERGENCE: REL_REDUCTION_OF_F_<=_FACTR*EPSMCH',0.5565670164034365,0.18204245162292204,8
193,7,0.06854548073975385,b'CONVERGENCE: REL_REDUCTION_OF_F_<=_FACTR*EPSMCH',0.5420443658328526,0.19263683175507512,8
194,7,0.04885578931021443,b'CONVERGENCE: REL_REDUCTION_OF_F_<=_FACTR*EPSMCH',0.5532146558492057,0.1877079709093959,8
195,7,0.04652079733947113,b'CONVERGENCE: REL_REDUCTION_OF_F_<=_FACTR*EPSMCH',0.5543471378545336,0.14269958580298692,8
196,7,0.10792245569408664,b'CONVERGENCE: REL_REDUCTION_OF_F_<=_FACTR*EPSMCH',0.5978428444813896,0.23247342833807574,8
197,7,0.09180530614056506,b'CONVERGENCE: REL_REDUCTION_OF_F_<=_FACTR*EPSMCH',0.5547527912351798,0.10897871305194046,8
198,7,0.10200730610435982,b'CONVERGENCE: REL_REDUCTION_OF_F_<=_FACTR*EPSMCH',0.6027301465467708,0.10791641901277504,8
199,7,0.08989922564504733,b'CONVERGENCE: REL_REDUCTION_OF_F_<=_FACTR*EPSMCH',0.5675696758268202,0.26765823716936793,8
200,7,0.0621931805006058,b'CONVERGENCE: REL_REDUCTION_OF_F_<=_FACTR*EPSMCH',0.5661863858955088,0.21458175909228264,8
201,7,0.0987164263673541,b'CONVERGENCE: REL_REDUCTION_OF_F_<=_FACTR*EPSMCH',0.5795377816243417,0.20089645753187924,8
202,7,0.06360911136198726,b'CONVERGENCE: REL_REDUCTION_OF_F_<=_FACTR*EPSMCH',0.5632380870127937,0.10563184401695996,8
203,7,0.08858275309757757,b'CONVERGENCE: REL_REDUCTION_OF_F_<=_FACTR*EPSMCH',0.5529109931063537,0.2465569075748748,8
204,7,0.13330907267389167,b'CONVERGENCE: REL_REDUCTION_OF_F_<=_FACTR*EPSMCH',0.5695102338802158,0.14453503770239573,8
205,7,0.15971708269031,b'CONVERGENCE: REL_REDUCTION_OF_F_<=_FACTR*EPSMCH',0.5257861288760379,0.20677443200041773,8
206,7,0.06534937940411156,b'CONVERGENCE: REL_REDUCTION_OF_F_<=_FACTR*EPSMCH',0.5461130413754863,0.16881979454347568,8
207,7,0.09356532514000104,b'CONVERGENCE: REL_REDUCTION_OF_F_<=_FACTR*EPSMCH',0.5349141640297926,0.28594056542877144,8
208,7,0.06251649627134943,b'CONVERGENCE: REL_REDUCTION_OF_F_<=_FACTR*EPSMCH',0.5476353911215249,0.13512623018797865,8
209,7,0.12793179505155344,b'CONVERGENCE: REL_REDUCTION_OF_F_<=_FACTR*EPSMCH',0.5350444490288516,0.2253885052332777,8
210,8,0.18477439744446478,b'CONVERGENCE: REL_REDUCTION_OF_F_<=_FACTR*EPSMCH',0.5471087434584186,0.10578923666228707,8
211,8,0.07442915289255557,b'CONVERGENCE: REL_REDUCTION_OF_F_<=_FACTR*EPSMCH',0.5421980373360139,0.13665284084514734,8
212,8,0.13381658745118552,b'CONVERGENCE: REL_REDUCTION_OF_F_<=_FACTR*EPSMCH',0.526318429674293,0.3502706329812276,8
213,8,0.10301501576448274,b'CONVERGENCE: REL_REDUCTION_OF_F_<=_FACTR*EPSMCH',0.5744452202506296,0.12716996293290325,8
214,8,0.1525192660728204,b'CONVERGENCE: REL_REDUCTION_OF_F_<=_FACTR*EPSMCH',0.5751308379816762,0.17537006374618871,8
215,8,0.0703461258897225,b'CONVERGENCE: REL_REDUCTION_OF_F_<=_FACTR*EPSMCH',0.5671320841999199,0.13379582161286435,8
216,8,0.08982802314727223,b'CONVERGENCE: REL_REDUCTION_OF_F_<=_FACTR*EPSMCH',0.5597085489127751,0.2755543832034494,8
217,8,0.2243872215375961,b'CONVERGENCE: REL_REDUCTION_OF_F_<=_FACTR*EPSMCH',0.5711143782144433,0.13745037600356477,8
218,8,0.16851799604318465,b'CONVERGENCE: REL_REDUCTION_OF_F_<=_FACTR*EPSMCH',0.5234529618425646,0.20154779570170717,8
219,8,0.0356322745669836,b'CONVERGENCE: REL_REDUCTION_OF_F_<=_FACTR*EPSMCH',0.5450827627001384,0.2569211470003202,8
220,8,0.07029965627330875,b'CONVERGENCE: REL_REDUCTION_OF_F_<=_FACTR*EPSMCH',0.5411570240972223,0.15855674947730627,8
221,8,0.178930430623698,b'CONVERGENCE: REL_REDUCTION_OF_F_<=_FACTR*EPSMCH',0.5472327001514139,0.12047964204392798,8
222,8,0.20549285972303277,b'CONVERGENCE: REL_REDUCTION_OF_F_<=_FACTR*EPSMCH',0.5779039425974477,0.20780825051765534,8
223,8,0.06621621884077147,b'CONVERGENCE: REL_REDUCTION_OF_F_<=_FACTR*EPSMCH',0.5551402588065478,0.12033386913584856,8
224,8,0.0496603935759581,b'CONVERGENCE: REL_REDUCTION_OF_F_<=_FACTR*EPSMCH',0.5988944002258888,0.27045192823165004,8
225,8,0.12879994406684137,b'CONVERGENCE: REL_REDUCTION_OF_F_<=_FACTR*EPSMCH',0.5373512292371397,0.23684290970618316,8
226,8,0.09084008043900545,b'CONVERGENCE: REL_REDUCTION_OF_F_<=_FACTR*EPSMCH',0.5159237425817382,0.39091110766557513,8
227,8,0.16173778632169028,b'CONVERGENCE: REL_REDUCTION_OF_F_<=_FACTR*EPSMCH',0.58093012893168,0.2170246266367852,8
228,8,0.11071290238483154,b'CONVERGENCE: REL_REDUCTION_OF_F_<=_FACTR*EPSMCH',0.5634687807341837,0.23213358101456993,8
229,8,0.14642136416596963,b'CONVERGENCE: REL_REDUCTION_OF_F_<=_FACTR*EPSMCH',0.5590380357308394,0.12711705333823106,8
230,8,0.15754330725233268,b'CONVERGENCE: REL_REDUCTION_OF_F_<=_FACTR*EPSMCH',0.5639923144981706,0.2701604933353692,8
231,8,0.0932182001856755,b'CONVERGENCE: REL_REDUCTION_OF_F_<=_FACTR*EPSMCH',0.5775862241245115,0.19460953045400223,8
232,8,0.11302427876498804,b'CONVERGENCE: REL_REDUCTION_OF_F_<=_FACTR*EPSMCH',0.5661452973861846,0.1431792821604413,8
233,8,0.11312762889891273,b'CONVERGENCE: REL_REDUCTION_OF_F_<=_FACTR*EPSMCH',0.5751014263443343,0.23084582855223712,8
234,8,0.10756380508453733,b'CONVERGENCE: REL_REDUCTION_OF_F_<=_FACTR*EPSMCH',0.5427971788582481,0.1399794517336238,8
235,8,0.20028611622501066,b'CONVERGENCE: REL_REDUCTION_OF_F_<=_FACTR*EPSMCH',0.5644367075721073,0.145129256351471,8
236,8,0.2614587519712216,b'CONVERGENCE: REL_REDUCTION_OF_F_<=_FACTR*EPSMCH',0.5641010296932385,0.29658738153787156,8
237,8,0.10495744013370437,b'CONVERGENCE: REL_REDUCTION_OF_F_<=_FACTR*EPSMCH',0.5681211498178733,0.2342972863259865,8
238,8,0.10483412674987498,b'CONVERGENCE: REL_REDUCTION_OF_F_<=_FACTR*EPSMCH',0.5710932395381895,0.18394269514427464,8
239,8,0.20492986665738672,b'CONVERGENCE: REL_REDUCTION_OF_F_<=_FACTR*EPSMCH',0.5578457171996533,0.21398958841743757,8
